{
    "geoCoordMap": {
        "慈利县": [ 111.139711,29.429972 ],
        "桑植县": [ 110.204911,29.414264 ],
        "武陵源区": [ 110.550434,29.34573 ],
        "永定区": [ 110.537138,29.119856 ]
    },
    "geoData": [
        { "name": "慈利县", "value": 200 },
        { "name": "桑植县", "value": 200 },
        { "name": "武陵源区", "value": 200 },
        { "name": "永定区", "value": 200 }
    ]
}